{
  "project_info": {
    "project_number": "247553937675",
    "project_id": "todolist-ec875",
    "storage_bucket": "todolist-ec875.appspot.com"
  },
  "client": [
    {
      "client_info": {
        "mobilesdk_app_id": "1:247553937675:android:709fa78ffc1fe6bb4d120e",
        "android_client_info": {
          "package_name": "com.example.todolist"
        }
      },
      "oauth_client": [
        {
          "client_id": "247553937675-ev9a1rg70rmfpkotp3tdfo86veombsud.apps.googleusercontent.com",
          "client_type": 3
        }
      ],
      "api_key": [
        {
          "current_key": "AIzaSyDKUg7xqRyuXLhFPdTv_pP2utpe6PAoJ60"
        }
      ],
      "services": {
        "appinvite_service": {
          "other_platform_oauth_client": [
            {
              "client_id": "247553937675-ev9a1rg70rmfpkotp3tdfo86veombsud.apps.googleusercontent.com",
              "client_type": 3
            }
          ]
        }
      }
    }
  ],
  "configuration_version": "1"
}